community,full_content,level,rank,title,rank_explanation,summary,findings,full_content_json,id
11,"# IDC23 Community Analysis

The IDC23 community, located in the STR State, is a key entity associated with automation, APIX chip, and Nightly Build BAT processes. This analysis provides insights into its structure, relationships, and recent events that have led to various malfunctions.

## IDC23 serves as the location for the Nightly Build BAT process

According to data records, IDC23 is where the Nightly Build BAT process takes place [Data: Entities (16)]. This process plays a crucial role in the overall functioning of the community.

## IDC23 is associated with the APIX Chip malfunction

The STR State, where IDC23 is located, is the location where the APIX Chip malfunctioned [Data: Entities (15)]. This malfunction has led to several issues within the community.

## IDC23 reported IC_SAFTY_VIOLATION_RESET_BLANK event

IDC23 reported the IC_SAFTY_VIOLATION_RESET_BLANK event [Data: Events (26)]. This event indicates a safety violation that required a reset.

## IDC23 is responsible for automation process leading to high current event

IDC23 is responsible for the automation process that led to the high current event [Data: Events (28)]. This event may have been caused by a malfunction in the APIX Chip.

## IDC23 does not respond properly to WUP trigger

IDC23 does not respond properly to the WUP trigger [Data: Events (23)]. This issue has led to IDC23 being in a state of SHUTDOWN_FULL_OFF [Data: Events (24)].",1,6.5,IDC23 Community Analysis,The IDC23 community's impact is moderate due to its role in automation and the associated high current event.,"The IDC23 community, located in the STR State, is a key entity associated with automation, APIX chip, and Nightly Build BAT processes. This analysis provides insights into its structure, relationships, and recent events that have led to various malfunctions.","[{'explanation': 'According to data records, IDC23 is where the Nightly Build BAT process takes place [Data: Entities (16)]. This process plays a crucial role in the overall functioning of the community.', 'summary': 'IDC23 serves as the location for the Nightly Build BAT process'}
 {'explanation': 'The STR State, where IDC23 is located, is the location where the APIX Chip malfunctioned [Data: Entities (15)]. This malfunction has led to several issues within the community.', 'summary': 'IDC23 is associated with the APIX Chip malfunction'}
 {'explanation': 'IDC23 reported the IC_SAFTY_VIOLATION_RESET_BLANK event [Data: Events (26)]. This event indicates a safety violation that required a reset.', 'summary': 'IDC23 reported IC_SAFTY_VIOLATION_RESET_BLANK event'}
 {'explanation': 'IDC23 is responsible for the automation process that led to the high current event [Data: Events (28)]. This event may have been caused by a malfunction in the APIX Chip.', 'summary': 'IDC23 is responsible for automation process leading to high current event'}
 {'explanation': 'IDC23 does not respond properly to the WUP trigger [Data: Events (23)]. This issue has led to IDC23 being in a state of SHUTDOWN_FULL_OFF [Data: Events (24)].', 'summary': 'IDC23 does not respond properly to WUP trigger'}]","{
    ""title"": ""IDC23 Community Analysis"",
    ""summary"": ""The IDC23 community, located in the STR State, is a key entity associated with automation, APIX chip, and Nightly Build BAT processes. This analysis provides insights into its structure, relationships, and recent events that have led to various malfunctions."",
    ""rating"": 6.5,
    ""rating_explanation"": ""The IDC23 community's impact is moderate due to its role in automation and the associated high current event."",
    ""findings"": [
        {
            ""summary"": ""IDC23 serves as the location for the Nightly Build BAT process"",
            ""explanation"": ""According to data records, IDC23 is where the Nightly Build BAT process takes place [Data: Entities (16)]. This process plays a crucial role in the overall functioning of the community.""
        },
        {
            ""summary"": ""IDC23 is associated with the APIX Chip malfunction"",
            ""explanation"": ""The STR State, where IDC23 is located, is the location where the APIX Chip malfunctioned [Data: Entities (15)]. This malfunction has led to several issues within the community.""
        },
        {
            ""summary"": ""IDC23 reported IC_SAFTY_VIOLATION_RESET_BLANK event"",
            ""explanation"": ""IDC23 reported the IC_SAFTY_VIOLATION_RESET_BLANK event [Data: Events (26)]. This event indicates a safety violation that required a reset.""
        },
        {
            ""summary"": ""IDC23 is responsible for automation process leading to high current event"",
            ""explanation"": ""IDC23 is responsible for the automation process that led to the high current event [Data: Events (28)]. This event may have been caused by a malfunction in the APIX Chip.""
        },
        {
            ""summary"": ""IDC23 does not respond properly to WUP trigger"",
            ""explanation"": ""IDC23 does not respond properly to the WUP trigger [Data: Events (23)]. This issue has led to IDC23 being in a state of SHUTDOWN_FULL_OFF [Data: Events (24)].""
        }
    ]
}",b421681c-5cb3-43d9-bd23-0a3f608de764
12,"# Safety Incident Community at [2407]

This community revolves around a safety incident, IC_SAFTY_VIOLATION_RESET_BLANK, which occurred at the geographical location [2407]. The incident is related to an error in the safe status of a system or device (SAFE_STATUS_ERROR). IDC23 reported this incident. The incident's location and its association with a safety error indicate potential risks.

## IC_SAFTY_VIOLATION_RESET_BLANK is an event related to a safety violation reset

The IC_SAFTY_VIOLATION_RESET_BLANK event (Data: Entities (422)) refers to a situation where a safety violation has been reset. This could potentially indicate that corrective measures were not taken promptly, increasing the risk of recurrence.

## SAFE_STATUS_ERROR is associated with the incident

The IC_SAFTY_VIOLATION_RESET_BLANK event is related to the SAFE_STATUS_ERROR concept (Data: Relationships (300)). This error in the safe status of a system or device could have contributed to the incident, highlighting the need for immediate rectification.

## IDC23 reported the incident

IDC23 reported the IC_SAFTY_VIOLATION_RESET_BLANK event (Data: Relationships (26)). This indicates that IDC23 has some level of responsibility or awareness regarding the incident, which could be crucial for further investigations.

## The incident occurred at [2407]

The safety violation reset event occurred at the [2407] location (Data: Entities (441)). This geographical information could help in identifying potential hazards or risk factors associated with this area.

## More investigations are needed

Further investigation is required to understand the root cause of the incident, the extent of the error in the safe status, and the potential impact on other systems or devices. This information could help in preventing similar incidents in the future.",1,6.5,Safety Incident Community at [2407],The severity rating of 6.5 indicates a moderately significant impact due to the potential risks associated with the safety incident and the error in the safe status.,"This community revolves around a safety incident, IC_SAFTY_VIOLATION_RESET_BLANK, which occurred at the geographical location [2407]. The incident is related to an error in the safe status of a system or device (SAFE_STATUS_ERROR). IDC23 reported this incident. The incident's location and its association with a safety error indicate potential risks.","[{'explanation': 'The IC_SAFTY_VIOLATION_RESET_BLANK event (Data: Entities (422)) refers to a situation where a safety violation has been reset. This could potentially indicate that corrective measures were not taken promptly, increasing the risk of recurrence.', 'summary': 'IC_SAFTY_VIOLATION_RESET_BLANK is an event related to a safety violation reset'}
 {'explanation': 'The IC_SAFTY_VIOLATION_RESET_BLANK event is related to the SAFE_STATUS_ERROR concept (Data: Relationships (300)). This error in the safe status of a system or device could have contributed to the incident, highlighting the need for immediate rectification.', 'summary': 'SAFE_STATUS_ERROR is associated with the incident'}
 {'explanation': 'IDC23 reported the IC_SAFTY_VIOLATION_RESET_BLANK event (Data: Relationships (26)). This indicates that IDC23 has some level of responsibility or awareness regarding the incident, which could be crucial for further investigations.', 'summary': 'IDC23 reported the incident'}
 {'explanation': 'The safety violation reset event occurred at the [2407] location (Data: Entities (441)). This geographical information could help in identifying potential hazards or risk factors associated with this area.', 'summary': 'The incident occurred at [2407]'}
 {'explanation': 'Further investigation is required to understand the root cause of the incident, the extent of the error in the safe status, and the potential impact on other systems or devices. This information could help in preventing similar incidents in the future.', 'summary': 'More investigations are needed'}]","{
    ""title"": ""Safety Incident Community at [2407]"",
    ""summary"": ""This community revolves around a safety incident, IC_SAFTY_VIOLATION_RESET_BLANK, which occurred at the geographical location [2407]. The incident is related to an error in the safe status of a system or device (SAFE_STATUS_ERROR). IDC23 reported this incident. The incident's location and its association with a safety error indicate potential risks."",
    ""rating"": 6.5,
    ""rating_explanation"": ""The severity rating of 6.5 indicates a moderately significant impact due to the potential risks associated with the safety incident and the error in the safe status."",
    ""findings"": [
        {
            ""summary"": ""IC_SAFTY_VIOLATION_RESET_BLANK is an event related to a safety violation reset"",
            ""explanation"": ""The IC_SAFTY_VIOLATION_RESET_BLANK event (Data: Entities (422)) refers to a situation where a safety violation has been reset. This could potentially indicate that corrective measures were not taken promptly, increasing the risk of recurrence.""
        },
        {
            ""summary"": ""SAFE_STATUS_ERROR is associated with the incident"",
            ""explanation"": ""The IC_SAFTY_VIOLATION_RESET_BLANK event is related to the SAFE_STATUS_ERROR concept (Data: Relationships (300)). This error in the safe status of a system or device could have contributed to the incident, highlighting the need for immediate rectification.""
        },
        {
            ""summary"": ""IDC23 reported the incident"",
            ""explanation"": ""IDC23 reported the IC_SAFTY_VIOLATION_RESET_BLANK event (Data: Relationships (26)). This indicates that IDC23 has some level of responsibility or awareness regarding the incident, which could be crucial for further investigations.""
        },
        {
            ""summary"": ""The incident occurred at [2407]"",
            ""explanation"": ""The safety violation reset event occurred at the [2407] location (Data: Entities (441)). This geographical information could help in identifying potential hazards or risk factors associated with this area.""
        },
        {
            ""summary"": ""More investigations are needed"",
            ""explanation"": ""Further investigation is required to understand the root cause of the incident, the extent of the error in the safe status, and the potential impact on other systems or devices. This information could help in preventing similar incidents in the future.""
        }
    ]
}",cfeab576-d7cd-4ff2-ad9a-25de2c7ab31f
13,"# Verdant Oasis Plaza Community

The Verdant Oasis Plaza community revolves around a significant event, the Unity March, which has attracted media attention from Tribune Spotlight. The automation process, involving Machine Learning, is responsible for the high occurrence of this event. This community's dynamics are crucial in understanding potential threats and public perception.

## The Unity March is a key event in the Verdant Oasis Plaza community

The Unity March, taking place at Verdant Oasis Plaza, is a significant factor in the community's dynamics. This event has attracted media attention from Tribune Spotlight, which could amplify its impact on the community [Data: Relationships (40)].

## Automation process led to high current occurrence

The automation process is responsible for a high current occurrence in the Verdant Oasis Plaza community. IDC23 is responsible for this automation process [Data: Relationships (28)].

## Machine Learning may have been used during automation

ML, or Machine Learning, may have been used during the automation process that resulted in a high current occurrence [Data: Relationships (306)].

## Unity March could be a potential source of threat

The nature of the Unity March and the reactions it provokes could potentially pose a threat to the Verdant Oasis Plaza community, depending on its specifics [Data: Relationships (39)].

## Tribune Spotlight's role in shaping public perception

Tribune Spotlight's reporting on the Unity March could significantly shape public perception of the event and the entities involved [Data: Relationships (40)].",1,7.5,Verdant Oasis Plaza Community,The impact severity rating of 7.5 indicates a substantial influence of the Unity March on the Verdant Oasis Plaza community.,"The Verdant Oasis Plaza community revolves around a significant event, the Unity March, which has attracted media attention from Tribune Spotlight. The automation process, involving Machine Learning, is responsible for the high occurrence of this event. This community's dynamics are crucial in understanding potential threats and public perception.","[{'explanation': ""The Unity March, taking place at Verdant Oasis Plaza, is a significant factor in the community's dynamics. This event has attracted media attention from Tribune Spotlight, which could amplify its impact on the community [Data: Relationships (40)]."", 'summary': 'The Unity March is a key event in the Verdant Oasis Plaza community'}
 {'explanation': 'The automation process is responsible for a high current occurrence in the Verdant Oasis Plaza community. IDC23 is responsible for this automation process [Data: Relationships (28)].', 'summary': 'Automation process led to high current occurrence'}
 {'explanation': 'ML, or Machine Learning, may have been used during the automation process that resulted in a high current occurrence [Data: Relationships (306)].', 'summary': 'Machine Learning may have been used during automation'}
 {'explanation': 'The nature of the Unity March and the reactions it provokes could potentially pose a threat to the Verdant Oasis Plaza community, depending on its specifics [Data: Relationships (39)].', 'summary': 'Unity March could be a potential source of threat'}
 {'explanation': ""Tribune Spotlight's reporting on the Unity March could significantly shape public perception of the event and the entities involved [Data: Relationships (40)]."", 'summary': ""Tribune Spotlight's role in shaping public perception""}]","{
    ""title"": ""Verdant Oasis Plaza Community"",
    ""summary"": ""The Verdant Oasis Plaza community revolves around a significant event, the Unity March, which has attracted media attention from Tribune Spotlight. The automation process, involving Machine Learning, is responsible for the high occurrence of this event. This community's dynamics are crucial in understanding potential threats and public perception."",
    ""rating"": 7.5,
    ""rating_explanation"": ""The impact severity rating of 7.5 indicates a substantial influence of the Unity March on the Verdant Oasis Plaza community."",
    ""findings"": [
        {
            ""summary"": ""The Unity March is a key event in the Verdant Oasis Plaza community"",
            ""explanation"": ""The Unity March, taking place at Verdant Oasis Plaza, is a significant factor in the community's dynamics. This event has attracted media attention from Tribune Spotlight, which could amplify its impact on the community [Data: Relationships (40)].""
        },
        {
            ""summary"": ""Automation process led to high current occurrence"",
            ""explanation"": ""The automation process is responsible for a high current occurrence in the Verdant Oasis Plaza community. IDC23 is responsible for this automation process [Data: Relationships (28)].""
        },
        {
            ""summary"": ""Machine Learning may have been used during automation"",
            ""explanation"": ""ML, or Machine Learning, may have been used during the automation process that resulted in a high current occurrence [Data: Relationships (306)].""
        },
        {
            ""summary"": ""Unity March could be a potential source of threat"",
            ""explanation"": ""The nature of the Unity March and the reactions it provokes could potentially pose a threat to the Verdant Oasis Plaza community, depending on its specifics [Data: Relationships (39)].""
        },
        {
            ""summary"": ""Tribune Spotlight's role in shaping public perception"",
            ""explanation"": ""Tribune Spotlight's reporting on the Unity March could significantly shape public perception of the event and the entities involved [Data: Relationships (40)].""
        }
    ]
}",7c73ae5b-15e5-4e7c-9184-32d0dd851ecf
14,"# [PQFS] Community

The [PQFS] community is a support organization that provides services for the Service RC_ETH_PHY_SWITCH_ENGINE_RESET. This community operates within the IDC23 location and is responsible for managing or troubleshooting this service. The negative events associated with the service indicate potential issues, which are addressed by both [SV] and [PQFS]. Coldboots, devices that have been restarted or reactivated, play a role in these events.

## [PQFS] provides support services

[PQFS] is an organization that provides support or maintenance services for the Service RC_ETH_PHY_SWITCH_ENGINE_RESET, as identified in records [Data: Relationships (227)].

## Service RC_ETH_PHY_SWITCH_ENGINE_RESET is managed by [SV]

[SV] is responsible for managing or troubleshooting the Service RC_ETH_PHY_SWITCH_ENGINE_RESET, as indicated in records [Data: Relationships (226)].

## Negative events indicate potential issues

The negative response with response code indicates an issue or error in the operation of the Service RC_ETH_PHY_SWITCH_ENGINE_RESET, as explained in records [Data: Relationships (38)].

## Coldboots play a role in events

Coldboots are devices that have been restarted or reactivated, identified by their ResumeNo 0 and 1. The event of multiple Coldboots being activated or restarted is indicated by their ResumeNo, as explained in records [Data: Relationships (37)].

## [PQFS] operates within IDC23

The location IDC23 is where the Service RC_ETH_PHY_SWITCH_ENGINE_RESET is being used or monitored, as stated in records [Data: Relationships (22)].",1,6.5,[PQFS] Community,The impact severity rating of 6.5 indicates a moderate level of importance for this community due to its role in maintaining critical network infrastructure.,"The [PQFS] community is a support organization that provides services for the Service RC_ETH_PHY_SWITCH_ENGINE_RESET. This community operates within the IDC23 location and is responsible for managing or troubleshooting this service. The negative events associated with the service indicate potential issues, which are addressed by both [SV] and [PQFS]. Coldboots, devices that have been restarted or reactivated, play a role in these events.","[{'explanation': '[PQFS] is an organization that provides support or maintenance services for the Service RC_ETH_PHY_SWITCH_ENGINE_RESET, as identified in records [Data: Relationships (227)].', 'summary': '[PQFS] provides support services'}
 {'explanation': '[SV] is responsible for managing or troubleshooting the Service RC_ETH_PHY_SWITCH_ENGINE_RESET, as indicated in records [Data: Relationships (226)].', 'summary': 'Service RC_ETH_PHY_SWITCH_ENGINE_RESET is managed by [SV]'}
 {'explanation': 'The negative response with response code indicates an issue or error in the operation of the Service RC_ETH_PHY_SWITCH_ENGINE_RESET, as explained in records [Data: Relationships (38)].', 'summary': 'Negative events indicate potential issues'}
 {'explanation': 'Coldboots are devices that have been restarted or reactivated, identified by their ResumeNo 0 and 1. The event of multiple Coldboots being activated or restarted is indicated by their ResumeNo, as explained in records [Data: Relationships (37)].', 'summary': 'Coldboots play a role in events'}
 {'explanation': 'The location IDC23 is where the Service RC_ETH_PHY_SWITCH_ENGINE_RESET is being used or monitored, as stated in records [Data: Relationships (22)].', 'summary': '[PQFS] operates within IDC23'}]","{
    ""title"": ""[PQFS] Community"",
    ""summary"": ""The [PQFS] community is a support organization that provides services for the Service RC_ETH_PHY_SWITCH_ENGINE_RESET. This community operates within the IDC23 location and is responsible for managing or troubleshooting this service. The negative events associated with the service indicate potential issues, which are addressed by both [SV] and [PQFS]. Coldboots, devices that have been restarted or reactivated, play a role in these events."",
    ""rating"": 6.5,
    ""rating_explanation"": ""The impact severity rating of 6.5 indicates a moderate level of importance for this community due to its role in maintaining critical network infrastructure."",
    ""findings"": [
        {
            ""summary"": ""[PQFS] provides support services"",
            ""explanation"": ""[PQFS] is an organization that provides support or maintenance services for the Service RC_ETH_PHY_SWITCH_ENGINE_RESET, as identified in records [Data: Relationships (227)].""
        },
        {
            ""summary"": ""Service RC_ETH_PHY_SWITCH_ENGINE_RESET is managed by [SV]"",
            ""explanation"": ""[SV] is responsible for managing or troubleshooting the Service RC_ETH_PHY_SWITCH_ENGINE_RESET, as indicated in records [Data: Relationships (226)].""
        },
        {
            ""summary"": ""Negative events indicate potential issues"",
            ""explanation"": ""The negative response with response code indicates an issue or error in the operation of the Service RC_ETH_PHY_SWITCH_ENGINE_RESET, as explained in records [Data: Relationships (38)].""
        },
        {
            ""summary"": ""Coldboots play a role in events"",
            ""explanation"": ""Coldboots are devices that have been restarted or reactivated, identified by their ResumeNo 0 and 1. The event of multiple Coldboots being activated or restarted is indicated by their ResumeNo, as explained in records [Data: Relationships (37)].""
        },
        {
            ""summary"": ""[PQFS] operates within IDC23"",
            ""explanation"": ""The location IDC23 is where the Service RC_ETH_PHY_SWITCH_ENGINE_RESET is being used or monitored, as stated in records [Data: Relationships (22)].""
        }
    ]
}",1d46fd60-c639-40cf-ae7b-a535924fd474
15,"# BI_2403toML Nightly Build Operations

This report details the structure and operations of BI_2403toML, an organization responsible for a nightly build process within the organization's infrastructure. The focus is on Node0, a hardware component that experienced a flashing failure during both the Nightly Build BAT and the nightly build process.

## BI_2403toML is responsible for the Nightly Build BAT process

According to the relationships, BI_2403toML is associated with the Nightly Build BAT process. This association suggests that BI_2403toML plays a significant role in the organization's operations.

## Node0 experienced a flashing failure during both the Nightly Build BAT and the nightly build process

The incident occurred at Node0, which is part of the hardware being tested or built during the Nightly Build BAT. The failure was severe enough to be classified as a 'flashing failure'. This suggests that there may be an issue with the quality control processes in place.

## IDC23 serves as the location for the Nightly Build BAT process

IDC23 is the location where the Nightly Build BAT process takes place. This indicates that IDC23 plays a crucial role in the organization's operations, as it houses the infrastructure necessary for the nightly build process.

## BI_2403toML is responsible for the Nightly Build BAT process

According to the relationships, BI_2403toML is associated with the Nightly Build BAT process. This association suggests that BI_2403toML plays a significant role in the organization's operations.

## The flashing failure at Node0 may indicate a larger issue

The 'flashing failure' at Node0 during both the Nightly Build BAT and the nightly build process suggests that there may be an underlying issue with the hardware or the testing/building processes. Further investigation is required to identify and address this issue.",1,6.5,BI_2403toML Nightly Build Operations,The impact severity rating of 6.5 indicates a moderate level of importance for the organization's operations due to the hardware component failures.,"This report details the structure and operations of BI_2403toML, an organization responsible for a nightly build process within the organization's infrastructure. The focus is on Node0, a hardware component that experienced a flashing failure during both the Nightly Build BAT and the nightly build process.","[{'explanation': ""According to the relationships, BI_2403toML is associated with the Nightly Build BAT process. This association suggests that BI_2403toML plays a significant role in the organization's operations."", 'summary': 'BI_2403toML is responsible for the Nightly Build BAT process'}
 {'explanation': ""The incident occurred at Node0, which is part of the hardware being tested or built during the Nightly Build BAT. The failure was severe enough to be classified as a 'flashing failure'. This suggests that there may be an issue with the quality control processes in place."", 'summary': 'Node0 experienced a flashing failure during both the Nightly Build BAT and the nightly build process'}
 {'explanation': ""IDC23 is the location where the Nightly Build BAT process takes place. This indicates that IDC23 plays a crucial role in the organization's operations, as it houses the infrastructure necessary for the nightly build process."", 'summary': 'IDC23 serves as the location for the Nightly Build BAT process'}
 {'explanation': ""According to the relationships, BI_2403toML is associated with the Nightly Build BAT process. This association suggests that BI_2403toML plays a significant role in the organization's operations."", 'summary': 'BI_2403toML is responsible for the Nightly Build BAT process'}
 {'explanation': ""The 'flashing failure' at Node0 during both the Nightly Build BAT and the nightly build process suggests that there may be an underlying issue with the hardware or the testing/building processes. Further investigation is required to identify and address this issue."", 'summary': 'The flashing failure at Node0 may indicate a larger issue'}]","{
    ""title"": ""BI_2403toML Nightly Build Operations"",
    ""summary"": ""This report details the structure and operations of BI_2403toML, an organization responsible for a nightly build process within the organization's infrastructure. The focus is on Node0, a hardware component that experienced a flashing failure during both the Nightly Build BAT and the nightly build process."",
    ""rating"": 6.5,
    ""rating_explanation"": ""The impact severity rating of 6.5 indicates a moderate level of importance for the organization's operations due to the hardware component failures."",
    ""findings"": [
        {
            ""summary"": ""BI_2403toML is responsible for the Nightly Build BAT process"",
            ""explanation"": ""According to the relationships, BI_2403toML is associated with the Nightly Build BAT process. This association suggests that BI_2403toML plays a significant role in the organization's operations.""
        },
        {
            ""summary"": ""Node0 experienced a flashing failure during both the Nightly Build BAT and the nightly build process"",
            ""explanation"": ""The incident occurred at Node0, which is part of the hardware being tested or built during the Nightly Build BAT. The failure was severe enough to be classified as a 'flashing failure'. This suggests that there may be an issue with the quality control processes in place.""
        },
        {
            ""summary"": ""IDC23 serves as the location for the Nightly Build BAT process"",
            ""explanation"": ""IDC23 is the location where the Nightly Build BAT process takes place. This indicates that IDC23 plays a crucial role in the organization's operations, as it houses the infrastructure necessary for the nightly build process.""
        },
        {
            ""summary"": ""BI_2403toML is responsible for the Nightly Build BAT process"",
            ""explanation"": ""According to the relationships, BI_2403toML is associated with the Nightly Build BAT process. This association suggests that BI_2403toML plays a significant role in the organization's operations.""
        },
        {
            ""summary"": ""The flashing failure at Node0 may indicate a larger issue"",
            ""explanation"": ""The 'flashing failure' at Node0 during both the Nightly Build BAT and the nightly build process suggests that there may be an underlying issue with the hardware or the testing/building processes. Further investigation is required to identify and address this issue.""
        }
    ]
}",791b51cd-b4ae-4935-9f12-37de44a20de8
0,"# IOC & MGU22 Community

This report focuses on the IOC and its related entities, specifically MGU22, within a larger system. The entities are interconnected through various events such as voltage tests, faults, and wakeup reasons. Understanding these relationships is crucial for maintaining the system's integrity.

## IOC is involved in multiple events

The IOC location is associated with several events such as MGU22_F, MGU22_E, BAT FAILURE_MGU22, and the voltage test. These events could potentially impact the system's performance or require maintenance [Data: Events (54, 53, 52, 156); Locations (155)]. Additionally, IOC is also related to a nightly build failure involving DTC 0XB7F908 [Data: Events (240)].

## MGU22_E event requires attention

The MGU22_E event is significant as it indicates an ACT_FAULT that prevented the IOC from restarting as expected. This could potentially lead to system instability or failure if not addressed promptly [Data: Events (52)]. The event was also associated with DTC 0XB7F908 during a nightly build failure [Data: Events (240)].

## MGU22 location is at IuK_CAN

The MGU22 entity occurs at the location IuK_CAN. This suggests a specific physical placement within the system, which could be relevant for troubleshooting or maintenance [Data: Locations (155)].

## Voltage test is related to plant issue

The voltage test at MGU22 may be connected to a plant issue, as it requires attention and resolution during or after the test. This could indicate a potential system-wide problem that needs addressing [Data: Events (156); Issues (215)].

## IOC wakeup reason is IOC_WATCHDOG_RESET

The wakeup reason for the IOC entity is IOC_WATCHDOG_RESET. However, the relationship between this event and other entities is not specified in the data [Data: Events (54)].",0,7.5,IOC & MGU22 Community,"The impact severity rating of 7.5 indicates a significant role of the IOC and MGU22 entities in the overall system, with potential widespread effects if they malfunction or fail.","This report focuses on the IOC and its related entities, specifically MGU22, within a larger system. The entities are interconnected through various events such as voltage tests, faults, and wakeup reasons. Understanding these relationships is crucial for maintaining the system's integrity.","[{'explanation': ""The IOC location is associated with several events such as MGU22_F, MGU22_E, BAT FAILURE_MGU22, and the voltage test. These events could potentially impact the system's performance or require maintenance [Data: Events (54, 53, 52, 156); Locations (155)]. Additionally, IOC is also related to a nightly build failure involving DTC 0XB7F908 [Data: Events (240)]."", 'summary': 'IOC is involved in multiple events'}
 {'explanation': 'The MGU22_E event is significant as it indicates an ACT_FAULT that prevented the IOC from restarting as expected. This could potentially lead to system instability or failure if not addressed promptly [Data: Events (52)]. The event was also associated with DTC 0XB7F908 during a nightly build failure [Data: Events (240)].', 'summary': 'MGU22_E event requires attention'}
 {'explanation': 'The MGU22 entity occurs at the location IuK_CAN. This suggests a specific physical placement within the system, which could be relevant for troubleshooting or maintenance [Data: Locations (155)].', 'summary': 'MGU22 location is at IuK_CAN'}
 {'explanation': 'The voltage test at MGU22 may be connected to a plant issue, as it requires attention and resolution during or after the test. This could indicate a potential system-wide problem that needs addressing [Data: Events (156); Issues (215)].', 'summary': 'Voltage test is related to plant issue'}
 {'explanation': 'The wakeup reason for the IOC entity is IOC_WATCHDOG_RESET. However, the relationship between this event and other entities is not specified in the data [Data: Events (54)].', 'summary': 'IOC wakeup reason is IOC_WATCHDOG_RESET'}]","{
    ""title"": ""IOC & MGU22 Community"",
    ""summary"": ""This report focuses on the IOC and its related entities, specifically MGU22, within a larger system. The entities are interconnected through various events such as voltage tests, faults, and wakeup reasons. Understanding these relationships is crucial for maintaining the system's integrity."",
    ""rating"": 7.5,
    ""rating_explanation"": ""The impact severity rating of 7.5 indicates a significant role of the IOC and MGU22 entities in the overall system, with potential widespread effects if they malfunction or fail."",
    ""findings"": [
        {
            ""summary"": ""IOC is involved in multiple events"",
            ""explanation"": ""The IOC location is associated with several events such as MGU22_F, MGU22_E, BAT FAILURE_MGU22, and the voltage test. These events could potentially impact the system's performance or require maintenance [Data: Events (54, 53, 52, 156); Locations (155)]. Additionally, IOC is also related to a nightly build failure involving DTC 0XB7F908 [Data: Events (240)].""
        },
        {
            ""summary"": ""MGU22_E event requires attention"",
            ""explanation"": ""The MGU22_E event is significant as it indicates an ACT_FAULT that prevented the IOC from restarting as expected. This could potentially lead to system instability or failure if not addressed promptly [Data: Events (52)]. The event was also associated with DTC 0XB7F908 during a nightly build failure [Data: Events (240)].""
        },
        {
            ""summary"": ""MGU22 location is at IuK_CAN"",
            ""explanation"": ""The MGU22 entity occurs at the location IuK_CAN. This suggests a specific physical placement within the system, which could be relevant for troubleshooting or maintenance [Data: Locations (155)].""
        },
        {
            ""summary"": ""Voltage test is related to plant issue"",
            ""explanation"": ""The voltage test at MGU22 may be connected to a plant issue, as it requires attention and resolution during or after the test. This could indicate a potential system-wide problem that needs addressing [Data: Events (156); Issues (215)].""
        },
        {
            ""summary"": ""IOC wakeup reason is IOC_WATCHDOG_RESET"",
            ""explanation"": ""The wakeup reason for the IOC entity is IOC_WATCHDOG_RESET. However, the relationship between this event and other entities is not specified in the data [Data: Events (54)].""
        }
    ]
}",ae523c05-bddb-482f-927e-182107dc21e1
1,"# BI_2307 Community in HU

The BI_2307 community, located in Hungary (HU), consists of key entities such as LifeCycle-RTC, UBMIN, and MINI IDC. The entities are interconnected, with LifeCycle-RTC responsible for managing the HU device due to its non-wakeup issue. The problem experienced by MINI IDC is related to the failure of the HU device to start up. The condition of HU is due to the occurrence of UV, leading to SOC not starting.

## LifeCycle-RTC is responsible for managing the HU device

The LifeCycle-RTC entity is responsible for or manages the HU device, as it did not wake up as expected. [Data: Relationships (32)]

## HU's non-response is related to UBMIN

The non-response of HU is related to the minimum voltage value of 6V. [Data: Relationships (31)]

## MINI IDC's problem is related to HU

The problem experienced by MINI IDC is related to HU, which failed to start up. [Data: Relationships (34)]

## HU's condition is due to UV

The condition of HU is due to the occurrence of UV. [Data: Relationships (35), (36)]

## BI_2307 experienced a Hard Error Reset

The organization BI_2307 experienced an event (PU23-07) that triggered a Hard Error Reset. [Data: Events (126)]",0,7.5,BI_2307 Community in HU,The severity rating of 7.5 indicates a significant impact on the system's functionality and potential downtime.,"The BI_2307 community, located in Hungary (HU), consists of key entities such as LifeCycle-RTC, UBMIN, and MINI IDC. The entities are interconnected, with LifeCycle-RTC responsible for managing the HU device due to its non-wakeup issue. The problem experienced by MINI IDC is related to the failure of the HU device to start up. The condition of HU is due to the occurrence of UV, leading to SOC not starting.","[{'explanation': 'The LifeCycle-RTC entity is responsible for or manages the HU device, as it did not wake up as expected. [Data: Relationships (32)]', 'summary': 'LifeCycle-RTC is responsible for managing the HU device'}
 {'explanation': 'The non-response of HU is related to the minimum voltage value of 6V. [Data: Relationships (31)]', 'summary': ""HU's non-response is related to UBMIN""}
 {'explanation': 'The problem experienced by MINI IDC is related to HU, which failed to start up. [Data: Relationships (34)]', 'summary': ""MINI IDC's problem is related to HU""}
 {'explanation': 'The condition of HU is due to the occurrence of UV. [Data: Relationships (35), (36)]', 'summary': ""HU's condition is due to UV""}
 {'explanation': 'The organization BI_2307 experienced an event (PU23-07) that triggered a Hard Error Reset. [Data: Events (126)]', 'summary': 'BI_2307 experienced a Hard Error Reset'}]","{
    ""title"": ""BI_2307 Community in HU"",
    ""summary"": ""The BI_2307 community, located in Hungary (HU), consists of key entities such as LifeCycle-RTC, UBMIN, and MINI IDC. The entities are interconnected, with LifeCycle-RTC responsible for managing the HU device due to its non-wakeup issue. The problem experienced by MINI IDC is related to the failure of the HU device to start up. The condition of HU is due to the occurrence of UV, leading to SOC not starting."",
    ""rating"": 7.5,
    ""rating_explanation"": ""The severity rating of 7.5 indicates a significant impact on the system's functionality and potential downtime."",
    ""findings"": [
        {
            ""summary"": ""LifeCycle-RTC is responsible for managing the HU device"",
            ""explanation"": ""The LifeCycle-RTC entity is responsible for or manages the HU device, as it did not wake up as expected. [Data: Relationships (32)]""
        },
        {
            ""summary"": ""HU's non-response is related to UBMIN"",
            ""explanation"": ""The non-response of HU is related to the minimum voltage value of 6V. [Data: Relationships (31)]""
        },
        {
            ""summary"": ""MINI IDC's problem is related to HU"",
            ""explanation"": ""The problem experienced by MINI IDC is related to HU, which failed to start up. [Data: Relationships (34)]""
        },
        {
            ""summary"": ""HU's condition is due to UV"",
            ""explanation"": ""The condition of HU is due to the occurrence of UV. [Data: Relationships (35), (36)]""
        },
        {
            ""summary"": ""BI_2307 experienced a Hard Error Reset"",
            ""explanation"": ""The organization BI_2307 experienced an event (PU23-07) that triggered a Hard Error Reset. [Data: Events (126)]""
        }
    ]
}",818a73c3-febb-4d85-9352-abddd28c5aae
10,"# RC_ETH_PHY_SWITCH_ENGINE Community

The RC_ETH_PHY_SWITCH_ENGINE community consists of various entities that play crucial roles in the organization's infrastructure and services. The community includes the Service RC_ETH_PHY_SWITCH_ENGINE_RESET, APIX Chip, BI_2403toML, SAFE_STATUS_ERROR, [2407], AUTOMATION, EVENT, FLASHING FAILURE, and NODE0. This report provides an overview of their relationships and significant information associated with each entity.

## Service RC_ETH_PHY_SWITCH_ENGINE_RESET is responsible for providing support or maintenance services.

The Service RC_ETH_PHY_SWITCH_ENGINE_RESET ([PQFS]) provides support or maintenance services for the Service RC_ETH_PHY_SWITCH_ENGINE_RESET. This service is crucial in maintaining the overall functionality of the organization's infrastructure.

## The STR State and APIX Chip are related to each other.

The STR State (APIX CHIP) is the location where the APIX Chip malfunctioned. Understanding the relationship between these two entities can help in identifying potential issues and addressing them promptly.

## BI_2403toML is responsible for the Nightly Build BAT process.

BI_2403toML is responsible for the Nightly Build BAT process. Understanding this process can help in identifying potential issues and addressing them promptly.

## The IC_SAFTY_VIOLATION_RESET_BLANK event is related to the SAFE_STATUS_ERROR concept.

The IC_SAFTY_VIOLATION_RESET_BLANK event is related to the SAFE_STATUS_ERROR concept. Understanding these events can help in identifying potential safety issues and addressing them promptly.

## The [2407] location experienced a safety violation reset.

The safety violation reset event occurred at the [2407] location. Understanding this event can help in identifying potential safety issues and addressing them promptly.",0,6.5,RC_ETH_PHY_SWITCH_ENGINE Community,The Impact severity rating of 6.5 indicates a moderate level of importance for the RC_ETH_PHY_SWITCH_ENGINE community due to its role in maintaining critical services and infrastructure.,"The RC_ETH_PHY_SWITCH_ENGINE community consists of various entities that play crucial roles in the organization's infrastructure and services. The community includes the Service RC_ETH_PHY_SWITCH_ENGINE_RESET, APIX Chip, BI_2403toML, SAFE_STATUS_ERROR, [2407], AUTOMATION, EVENT, FLASHING FAILURE, and NODE0. This report provides an overview of their relationships and significant information associated with each entity.","[{'explanation': ""The Service RC_ETH_PHY_SWITCH_ENGINE_RESET ([PQFS]) provides support or maintenance services for the Service RC_ETH_PHY_SWITCH_ENGINE_RESET. This service is crucial in maintaining the overall functionality of the organization's infrastructure."", 'summary': 'Service RC_ETH_PHY_SWITCH_ENGINE_RESET is responsible for providing support or maintenance services.'}
 {'explanation': 'The STR State (APIX CHIP) is the location where the APIX Chip malfunctioned. Understanding the relationship between these two entities can help in identifying potential issues and addressing them promptly.', 'summary': 'The STR State and APIX Chip are related to each other.'}
 {'explanation': 'BI_2403toML is responsible for the Nightly Build BAT process. Understanding this process can help in identifying potential issues and addressing them promptly.', 'summary': 'BI_2403toML is responsible for the Nightly Build BAT process.'}
 {'explanation': 'The IC_SAFTY_VIOLATION_RESET_BLANK event is related to the SAFE_STATUS_ERROR concept. Understanding these events can help in identifying potential safety issues and addressing them promptly.', 'summary': 'The IC_SAFTY_VIOLATION_RESET_BLANK event is related to the SAFE_STATUS_ERROR concept.'}
 {'explanation': 'The safety violation reset event occurred at the [2407] location. Understanding this event can help in identifying potential safety issues and addressing them promptly.', 'summary': 'The [2407] location experienced a safety violation reset.'}]","{
    ""title"": ""RC_ETH_PHY_SWITCH_ENGINE Community"",
    ""summary"": ""The RC_ETH_PHY_SWITCH_ENGINE community consists of various entities that play crucial roles in the organization's infrastructure and services. The community includes the Service RC_ETH_PHY_SWITCH_ENGINE_RESET, APIX Chip, BI_2403toML, SAFE_STATUS_ERROR, [2407], AUTOMATION, EVENT, FLASHING FAILURE, and NODE0. This report provides an overview of their relationships and significant information associated with each entity."",
    ""rating"": 6.5,
    ""rating_explanation"": ""The Impact severity rating of 6.5 indicates a moderate level of importance for the RC_ETH_PHY_SWITCH_ENGINE community due to its role in maintaining critical services and infrastructure."",
    ""findings"": [
        {
            ""summary"": ""Service RC_ETH_PHY_SWITCH_ENGINE_RESET is responsible for providing support or maintenance services."",
            ""explanation"": ""The Service RC_ETH_PHY_SWITCH_ENGINE_RESET ([PQFS]) provides support or maintenance services for the Service RC_ETH_PHY_SWITCH_ENGINE_RESET. This service is crucial in maintaining the overall functionality of the organization's infrastructure.""
        },
        {
            ""summary"": ""The STR State and APIX Chip are related to each other."",
            ""explanation"": ""The STR State (APIX CHIP) is the location where the APIX Chip malfunctioned. Understanding the relationship between these two entities can help in identifying potential issues and addressing them promptly.""
        },
        {
            ""summary"": ""BI_2403toML is responsible for the Nightly Build BAT process."",
            ""explanation"": ""BI_2403toML is responsible for the Nightly Build BAT process. Understanding this process can help in identifying potential issues and addressing them promptly.""
        },
        {
            ""summary"": ""The IC_SAFTY_VIOLATION_RESET_BLANK event is related to the SAFE_STATUS_ERROR concept."",
            ""explanation"": ""The IC_SAFTY_VIOLATION_RESET_BLANK event is related to the SAFE_STATUS_ERROR concept. Understanding these events can help in identifying potential safety issues and addressing them promptly.""
        },
        {
            ""summary"": ""The [2407] location experienced a safety violation reset."",
            ""explanation"": ""The safety violation reset event occurred at the [2407] location. Understanding this event can help in identifying potential safety issues and addressing them promptly.""
        }
    ]
}",5aef56bf-4706-4cd7-aa01-1e53c341d50b
2,"# LifeCycle-RTC Community

The LifeCycle-RTC community revolves around a system named LifeCycle-RTC, which executed a Factory Reset Job leading to the observation of IDC2403. The geographical location UBmin6V and various systems or devices such as [IDC23-PU] and [IDC23-ML] are associated with this community. The Watchdog Reset event is a significant occurrence within this community, affecting the Recovery Manager and Voltage Curves.

## LifeCycle-RTC executed a Factory Reset Job

LifeCycle-RTC, the central entity in this community, performed a Factory Reset Job which led to the observation of IDC2403.

## Observation of IDC2403

The execution of the Factory Reset Job by LifeCycle-RTC resulted in the observation of IDC2403. The exact nature and implications of IDC2403 are not explicitly stated.

## Relationship between LifeCycle-RTC and UBmin6V

The geographical location UBmin6V may be related to the system or device identified as LifeCycle-RTC, but the relationship is not explicitly stated.

## Watchdog Reset event

The Watchdog Reset event was observed while running Voltage Curves. This event affected the Recovery Manager and was observed on [IDC23-ML].

## Association between IDC23-PU and LifeCycle-RTC

Although not explicitly stated, [IDC23-PU] and LifeCycle-RTC are mentioned together in the text. The relationship between them is unclear.",0,7.5,LifeCycle-RTC Community,The LifeCycle-RTC community has a high impact severity rating due to its potential to disrupt critical systems and devices.,"The LifeCycle-RTC community revolves around a system named LifeCycle-RTC, which executed a Factory Reset Job leading to the observation of IDC2403. The geographical location UBmin6V and various systems or devices such as [IDC23-PU] and [IDC23-ML] are associated with this community. The Watchdog Reset event is a significant occurrence within this community, affecting the Recovery Manager and Voltage Curves.","[{'explanation': 'LifeCycle-RTC, the central entity in this community, performed a Factory Reset Job which led to the observation of IDC2403.', 'summary': 'LifeCycle-RTC executed a Factory Reset Job'}
 {'explanation': 'The execution of the Factory Reset Job by LifeCycle-RTC resulted in the observation of IDC2403. The exact nature and implications of IDC2403 are not explicitly stated.', 'summary': 'Observation of IDC2403'}
 {'explanation': 'The geographical location UBmin6V may be related to the system or device identified as LifeCycle-RTC, but the relationship is not explicitly stated.', 'summary': 'Relationship between LifeCycle-RTC and UBmin6V'}
 {'explanation': 'The Watchdog Reset event was observed while running Voltage Curves. This event affected the Recovery Manager and was observed on [IDC23-ML].', 'summary': 'Watchdog Reset event'}
 {'explanation': 'Although not explicitly stated, [IDC23-PU] and LifeCycle-RTC are mentioned together in the text. The relationship between them is unclear.', 'summary': 'Association between IDC23-PU and LifeCycle-RTC'}]","{
    ""title"": ""LifeCycle-RTC Community"",
    ""summary"": ""The LifeCycle-RTC community revolves around a system named LifeCycle-RTC, which executed a Factory Reset Job leading to the observation of IDC2403. The geographical location UBmin6V and various systems or devices such as [IDC23-PU] and [IDC23-ML] are associated with this community. The Watchdog Reset event is a significant occurrence within this community, affecting the Recovery Manager and Voltage Curves."",
    ""rating"": 7.5,
    ""rating_explanation"": ""The LifeCycle-RTC community has a high impact severity rating due to its potential to disrupt critical systems and devices."",
    ""findings"": [
        {
            ""summary"": ""LifeCycle-RTC executed a Factory Reset Job"",
            ""explanation"": ""LifeCycle-RTC, the central entity in this community, performed a Factory Reset Job which led to the observation of IDC2403.""
        },
        {
            ""summary"": ""Observation of IDC2403"",
            ""explanation"": ""The execution of the Factory Reset Job by LifeCycle-RTC resulted in the observation of IDC2403. The exact nature and implications of IDC2403 are not explicitly stated.""
        },
        {
            ""summary"": ""Relationship between LifeCycle-RTC and UBmin6V"",
            ""explanation"": ""The geographical location UBmin6V may be related to the system or device identified as LifeCycle-RTC, but the relationship is not explicitly stated.""
        },
        {
            ""summary"": ""Watchdog Reset event"",
            ""explanation"": ""The Watchdog Reset event was observed while running Voltage Curves. This event affected the Recovery Manager and was observed on [IDC23-ML].""
        },
        {
            ""summary"": ""Association between IDC23-PU and LifeCycle-RTC"",
            ""explanation"": ""Although not explicitly stated, [IDC23-PU] and LifeCycle-RTC are mentioned together in the text. The relationship between them is unclear.""
        }
    ]
}",7dad08ea-2915-403e-9f3b-1695159caba1
3,"# FIT-FAHRZEUG Community

The FIT-FAHRZEUG community revolves around vehicles, with VIT-Vehicle D01030 being a significant entity. The emergency system of this vehicle has failed, and it is associated with the event ST_DISP_KI. The community's structure also includes the NOTRUFSYSTEM and the Status Anzeige Kombi.

## VIT-Vehicle D01030 is managed by FIT-Fahrzeug

According to data, FIT-Fahrzeug is responsible for the vehicle VIT-Vehicle D01030 [Data: Entities (56)]. This relationship suggests that the management and maintenance of this vehicle are under the control of FIT-Fahrzeug.

## The emergency system of FIT-Vehicle D0103Z has failed

Data indicates that the emergency system of FIT-Vehicle D0103Z has failed [Data: Entities (60)]. This failure could potentially impact the safety and operation of the vehicle.

## ST_DISP_KI is related to the Status Anzeige Kombi of VIT-Vehicle D01030

The event ST_DISP_KI is related to the Status Anzeige Kombi of the vehicle VIT-Vehicle D01030 [Data: Entities (72)]. This relationship suggests that the status display in the combined instrument panel of the vehicle is affected by this event.

## The Field displayArrows location is associated with the Botschaft event

Data shows that the Field displayArrows location is associated with the Botschaft event [Data: Entities (127)]. However, it is not specified whether VIT-Vehicle D01030 is involved in this event.

## FIT-FAHRZEUG and D0103Y are one and the same vehicle

Data reveals that FIT-Fahrzeug and D0103Y are one and the same vehicle [Data: Entities (58)]. This information suggests a single entity being referred to in two different ways.",0,6.5,FIT-FAHRZEUG Community,The FIT-FAHRZEUG community has a moderate impact due to the failure of its emergency system and the association with significant vehicles.,"The FIT-FAHRZEUG community revolves around vehicles, with VIT-Vehicle D01030 being a significant entity. The emergency system of this vehicle has failed, and it is associated with the event ST_DISP_KI. The community's structure also includes the NOTRUFSYSTEM and the Status Anzeige Kombi.","[{'explanation': 'According to data, FIT-Fahrzeug is responsible for the vehicle VIT-Vehicle D01030 [Data: Entities (56)]. This relationship suggests that the management and maintenance of this vehicle are under the control of FIT-Fahrzeug.', 'summary': 'VIT-Vehicle D01030 is managed by FIT-Fahrzeug'}
 {'explanation': 'Data indicates that the emergency system of FIT-Vehicle D0103Z has failed [Data: Entities (60)]. This failure could potentially impact the safety and operation of the vehicle.', 'summary': 'The emergency system of FIT-Vehicle D0103Z has failed'}
 {'explanation': 'The event ST_DISP_KI is related to the Status Anzeige Kombi of the vehicle VIT-Vehicle D01030 [Data: Entities (72)]. This relationship suggests that the status display in the combined instrument panel of the vehicle is affected by this event.', 'summary': 'ST_DISP_KI is related to the Status Anzeige Kombi of VIT-Vehicle D01030'}
 {'explanation': 'Data shows that the Field displayArrows location is associated with the Botschaft event [Data: Entities (127)]. However, it is not specified whether VIT-Vehicle D01030 is involved in this event.', 'summary': 'The Field displayArrows location is associated with the Botschaft event'}
 {'explanation': 'Data reveals that FIT-Fahrzeug and D0103Y are one and the same vehicle [Data: Entities (58)]. This information suggests a single entity being referred to in two different ways.', 'summary': 'FIT-FAHRZEUG and D0103Y are one and the same vehicle'}]","{
    ""title"": ""FIT-FAHRZEUG Community"",
    ""summary"": ""The FIT-FAHRZEUG community revolves around vehicles, with VIT-Vehicle D01030 being a significant entity. The emergency system of this vehicle has failed, and it is associated with the event ST_DISP_KI. The community's structure also includes the NOTRUFSYSTEM and the Status Anzeige Kombi."",
    ""rating"": 6.5,
    ""rating_explanation"": ""The FIT-FAHRZEUG community has a moderate impact due to the failure of its emergency system and the association with significant vehicles."",
    ""findings"": [
        {
            ""summary"": ""VIT-Vehicle D01030 is managed by FIT-Fahrzeug"",
            ""explanation"": ""According to data, FIT-Fahrzeug is responsible for the vehicle VIT-Vehicle D01030 [Data: Entities (56)]. This relationship suggests that the management and maintenance of this vehicle are under the control of FIT-Fahrzeug.""
        },
        {
            ""summary"": ""The emergency system of FIT-Vehicle D0103Z has failed"",
            ""explanation"": ""Data indicates that the emergency system of FIT-Vehicle D0103Z has failed [Data: Entities (60)]. This failure could potentially impact the safety and operation of the vehicle.""
        },
        {
            ""summary"": ""ST_DISP_KI is related to the Status Anzeige Kombi of VIT-Vehicle D01030"",
            ""explanation"": ""The event ST_DISP_KI is related to the Status Anzeige Kombi of the vehicle VIT-Vehicle D01030 [Data: Entities (72)]. This relationship suggests that the status display in the combined instrument panel of the vehicle is affected by this event.""
        },
        {
            ""summary"": ""The Field displayArrows location is associated with the Botschaft event"",
            ""explanation"": ""Data shows that the Field displayArrows location is associated with the Botschaft event [Data: Entities (127)]. However, it is not specified whether VIT-Vehicle D01030 is involved in this event.""
        },
        {
            ""summary"": ""FIT-FAHRZEUG and D0103Y are one and the same vehicle"",
            ""explanation"": ""Data reveals that FIT-Fahrzeug and D0103Y are one and the same vehicle [Data: Entities (58)]. This information suggests a single entity being referred to in two different ways.""
        }
    ]
}",85f44d09-57f3-48af-ac08-51b55f53af7e
5,"# BI-E2-ML Vehicle Maintenance Community

The BI-E2-ML Vehicle Maintenance Community revolves around a vehicle, IDC23_U12_DFE, which is connected to the organization BI-E2-ML. The vehicle experienced an incident, IDC23_U12_DFE, during startup due to a malfunction of BI_2311. This incident was indicated by a black screen during startup. The G68__IDC23_CID, associated with the vehicle, is affected by the locking action on the vehicle. U12ICE_IDC is responsible for addressing this issue.

## Vehicle IDC23_U12_DFE experienced an incident during startup

The incident IDC23_U12_DFE occurred in the vehicle due to the malfunction of BI_2311, as indicated by a black screen during startup. [Data: Incidents (IDC23_U12_DFE)]

## BI_2311 experienced an unexpected Hard Error Reset

The organization BI_2311 experienced the event PU23-11, which was an unexpected Hard Error Reset. [Data: Events (PU23-11)]

## Vehicle IDC23_U12_DFE is connected to organization BI-E2-ML

The vehicle IDC23_U12_DFE is connected to the organization [BI-E2-ML], possibly through maintenance or manufacturing. [Data: Connections (IDC23_U12_DFE, BI-E2-ML)]

## G68__IDC23_CID is associated with the vehicle

The G68__IDC23_CID is associated with a vehicle, and its activity status is affected by the locking action on the vehicle. [Data: Associations (G68__IDC23_CID, IDC23_U12_DFE)]

## U12ICE_IDC is responsible for addressing the issue

U12ICE_IDC is responsible for addressing the issue with the vehicle that displays a black screen during startup. [Data: Responsibilities (U12ICE_IDC, IDC23_U12_DFE)]",0,7.5,BI-E2-ML Vehicle Maintenance Community,The high impact severity rating of 7.5 indicates a significant disruption in the vehicle's operation due to the malfunction and subsequent delay in startup.,"The BI-E2-ML Vehicle Maintenance Community revolves around a vehicle, IDC23_U12_DFE, which is connected to the organization BI-E2-ML. The vehicle experienced an incident, IDC23_U12_DFE, during startup due to a malfunction of BI_2311. This incident was indicated by a black screen during startup. The G68__IDC23_CID, associated with the vehicle, is affected by the locking action on the vehicle. U12ICE_IDC is responsible for addressing this issue.","[{'explanation': 'The incident IDC23_U12_DFE occurred in the vehicle due to the malfunction of BI_2311, as indicated by a black screen during startup. [Data: Incidents (IDC23_U12_DFE)]', 'summary': 'Vehicle IDC23_U12_DFE experienced an incident during startup'}
 {'explanation': 'The organization BI_2311 experienced the event PU23-11, which was an unexpected Hard Error Reset. [Data: Events (PU23-11)]', 'summary': 'BI_2311 experienced an unexpected Hard Error Reset'}
 {'explanation': 'The vehicle IDC23_U12_DFE is connected to the organization [BI-E2-ML], possibly through maintenance or manufacturing. [Data: Connections (IDC23_U12_DFE, BI-E2-ML)]', 'summary': 'Vehicle IDC23_U12_DFE is connected to organization BI-E2-ML'}
 {'explanation': 'The G68__IDC23_CID is associated with a vehicle, and its activity status is affected by the locking action on the vehicle. [Data: Associations (G68__IDC23_CID, IDC23_U12_DFE)]', 'summary': 'G68__IDC23_CID is associated with the vehicle'}
 {'explanation': 'U12ICE_IDC is responsible for addressing the issue with the vehicle that displays a black screen during startup. [Data: Responsibilities (U12ICE_IDC, IDC23_U12_DFE)]', 'summary': 'U12ICE_IDC is responsible for addressing the issue'}]","{
    ""title"": ""BI-E2-ML Vehicle Maintenance Community"",
    ""summary"": ""The BI-E2-ML Vehicle Maintenance Community revolves around a vehicle, IDC23_U12_DFE, which is connected to the organization BI-E2-ML. The vehicle experienced an incident, IDC23_U12_DFE, during startup due to a malfunction of BI_2311. This incident was indicated by a black screen during startup. The G68__IDC23_CID, associated with the vehicle, is affected by the locking action on the vehicle. U12ICE_IDC is responsible for addressing this issue."",
    ""rating"": 7.5,
    ""rating_explanation"": ""The high impact severity rating of 7.5 indicates a significant disruption in the vehicle's operation due to the malfunction and subsequent delay in startup."",
    ""findings"": [
        {
            ""summary"": ""Vehicle IDC23_U12_DFE experienced an incident during startup"",
            ""explanation"": ""The incident IDC23_U12_DFE occurred in the vehicle due to the malfunction of BI_2311, as indicated by a black screen during startup. [Data: Incidents (IDC23_U12_DFE)]""
        },
        {
            ""summary"": ""BI_2311 experienced an unexpected Hard Error Reset"",
            ""explanation"": ""The organization BI_2311 experienced the event PU23-11, which was an unexpected Hard Error Reset. [Data: Events (PU23-11)]""
        },
        {
            ""summary"": ""Vehicle IDC23_U12_DFE is connected to organization BI-E2-ML"",
            ""explanation"": ""The vehicle IDC23_U12_DFE is connected to the organization [BI-E2-ML], possibly through maintenance or manufacturing. [Data: Connections (IDC23_U12_DFE, BI-E2-ML)]""
        },
        {
            ""summary"": ""G68__IDC23_CID is associated with the vehicle"",
            ""explanation"": ""The G68__IDC23_CID is associated with a vehicle, and its activity status is affected by the locking action on the vehicle. [Data: Associations (G68__IDC23_CID, IDC23_U12_DFE)]""
        },
        {
            ""summary"": ""U12ICE_IDC is responsible for addressing the issue"",
            ""explanation"": ""U12ICE_IDC is responsible for addressing the issue with the vehicle that displays a black screen during startup. [Data: Responsibilities (U12ICE_IDC, IDC23_U12_DFE)]""
        }
    ]
}",700f42d9-a839-4ccb-ad99-3609eaa312b5
6,"# [BI_D2ML MGU22] System and Temperature Sensor Performance Report

This report provides an overview of the [BI_D2ML MGU22] system, its STR device, RVC system, and temperature sensors. The entities within this community are interconnected and their performance is crucial for the overall operation of the system.

## STR Device Issues

The STR device has experienced various issues such as timeout events, unexpected wake-ups, and software updates that have caused the system to enter an alarm update loop. These issues were observed during records MGU22_G (141) and RVC (142).

## RVC System Activation

The RVC system or device is activated after the STR device has started up. This activation may be a result of the issues experienced by the STR device, as seen in record RVC (142).

## Sanity Reboot

The STR event is associated with the Sanity Reboot process. The system resumes from STR, causing an unexpected wake-up and graceful power-off, as observed in record SYSTEM (140).

## Temperature Sensor Malfunction

The incorrect readings from the temperature sensors in BI_D2ML MGU22 are being reported at DLT, as seen in record DLT (147).

## HUD Profile Change

The HUD needs to be adjusted after a profile change, as indicated in record HUD (82).",0,6.5,[BI_D2ML MGU22] System and Temperature Sensor Performance Report,The IMPACT severity rating indicates the importance of maintaining the proper functioning of these entities to ensure the smooth operation of the [BI_D2ML MGU22] system.,"This report provides an overview of the [BI_D2ML MGU22] system, its STR device, RVC system, and temperature sensors. The entities within this community are interconnected and their performance is crucial for the overall operation of the system.","[{'explanation': 'The STR device has experienced various issues such as timeout events, unexpected wake-ups, and software updates that have caused the system to enter an alarm update loop. These issues were observed during records MGU22_G (141) and RVC (142).', 'summary': 'STR Device Issues'}
 {'explanation': 'The RVC system or device is activated after the STR device has started up. This activation may be a result of the issues experienced by the STR device, as seen in record RVC (142).', 'summary': 'RVC System Activation'}
 {'explanation': 'The STR event is associated with the Sanity Reboot process. The system resumes from STR, causing an unexpected wake-up and graceful power-off, as observed in record SYSTEM (140).', 'summary': 'Sanity Reboot'}
 {'explanation': 'The incorrect readings from the temperature sensors in BI_D2ML MGU22 are being reported at DLT, as seen in record DLT (147).', 'summary': 'Temperature Sensor Malfunction'}
 {'explanation': 'The HUD needs to be adjusted after a profile change, as indicated in record HUD (82).', 'summary': 'HUD Profile Change'}]","{
    ""title"": ""[BI_D2ML MGU22] System and Temperature Sensor Performance Report"",
    ""summary"": ""This report provides an overview of the [BI_D2ML MGU22] system, its STR device, RVC system, and temperature sensors. The entities within this community are interconnected and their performance is crucial for the overall operation of the system."",
    ""rating"": 6.5,
    ""rating_explanation"": ""The IMPACT severity rating indicates the importance of maintaining the proper functioning of these entities to ensure the smooth operation of the [BI_D2ML MGU22] system."",
    ""findings"": [
        {
            ""summary"": ""STR Device Issues"",
            ""explanation"": ""The STR device has experienced various issues such as timeout events, unexpected wake-ups, and software updates that have caused the system to enter an alarm update loop. These issues were observed during records MGU22_G (141) and RVC (142).""
        },
        {
            ""summary"": ""RVC System Activation"",
            ""explanation"": ""The RVC system or device is activated after the STR device has started up. This activation may be a result of the issues experienced by the STR device, as seen in record RVC (142).""
        },
        {
            ""summary"": ""Sanity Reboot"",
            ""explanation"": ""The STR event is associated with the Sanity Reboot process. The system resumes from STR, causing an unexpected wake-up and graceful power-off, as observed in record SYSTEM (140).""
        },
        {
            ""summary"": ""Temperature Sensor Malfunction"",
            ""explanation"": ""The incorrect readings from the temperature sensors in BI_D2ML MGU22 are being reported at DLT, as seen in record DLT (147).""
        },
        {
            ""summary"": ""HUD Profile Change"",
            ""explanation"": ""The HUD needs to be adjusted after a profile change, as indicated in record HUD (82).""
        }
    ]
}",acbdb5e4-eebe-41e6-94f3-9b5ef693d749
7,"# [IDC23] System and Associated Entities

The [IDC23] system, a critical component within the community, experienced a crash involving the eth-ctrl.service process. This incident is linked to several other entities, including vehicles, organizations, and technologies. The APIX MB0 technology, in particular, appears to be incorrectly configured and is associated with the [BI-E2-ML] organization, which also manages or uses it.

## [IDC23] System Crash

The organization [IDC23] is experiencing a system crash involving the eth-ctrl.service process. This incident may have broader implications for other systems and processes within the community.

## [IDC23] SAFE_CODING_DATA_ERROR

The [IDC23] system is experiencing a SAFE_CODING_DATA_ERROR, which could potentially impact the reliability and security of data processed within the system.

## [BI-E2-ML] Organization

The [BI-E2-ML] organization is connected to several vehicles (e.g., IDC23_U12_DFE) and manages or uses the APIX MB0 technology, which has an incorrect configuration.

## APIX MB0 Technology

The APIX MB0 technology is associated with the [BI-E2-ML] organization and has an incorrect configuration. This could potentially impact the performance or security of systems using this technology.

## Vehicle TA10013

The IC_SAFETY_VIOLATION_RESET_BLANK event occurred in vehicle TA10013, which may indicate a safety issue or malfunction.",0,7.5,[IDC23] System and Associated Entities,The severity rating of 7.5 indicates a significant impact on the community due to the system crash and associated issues with other entities.,"The [IDC23] system, a critical component within the community, experienced a crash involving the eth-ctrl.service process. This incident is linked to several other entities, including vehicles, organizations, and technologies. The APIX MB0 technology, in particular, appears to be incorrectly configured and is associated with the [BI-E2-ML] organization, which also manages or uses it.","[{'explanation': 'The organization [IDC23] is experiencing a system crash involving the eth-ctrl.service process. This incident may have broader implications for other systems and processes within the community.', 'summary': '[IDC23] System Crash'}
 {'explanation': 'The [IDC23] system is experiencing a SAFE_CODING_DATA_ERROR, which could potentially impact the reliability and security of data processed within the system.', 'summary': '[IDC23] SAFE_CODING_DATA_ERROR'}
 {'explanation': 'The [BI-E2-ML] organization is connected to several vehicles (e.g., IDC23_U12_DFE) and manages or uses the APIX MB0 technology, which has an incorrect configuration.', 'summary': '[BI-E2-ML] Organization'}
 {'explanation': 'The APIX MB0 technology is associated with the [BI-E2-ML] organization and has an incorrect configuration. This could potentially impact the performance or security of systems using this technology.', 'summary': 'APIX MB0 Technology'}
 {'explanation': 'The IC_SAFETY_VIOLATION_RESET_BLANK event occurred in vehicle TA10013, which may indicate a safety issue or malfunction.', 'summary': 'Vehicle TA10013'}]","{
    ""title"": ""[IDC23] System and Associated Entities"",
    ""summary"": ""The [IDC23] system, a critical component within the community, experienced a crash involving the eth-ctrl.service process. This incident is linked to several other entities, including vehicles, organizations, and technologies. The APIX MB0 technology, in particular, appears to be incorrectly configured and is associated with the [BI-E2-ML] organization, which also manages or uses it."",
    ""rating"": 7.5,
    ""rating_explanation"": ""The severity rating of 7.5 indicates a significant impact on the community due to the system crash and associated issues with other entities."",
    ""findings"": [
        {
            ""summary"": ""[IDC23] System Crash"",
            ""explanation"": ""The organization [IDC23] is experiencing a system crash involving the eth-ctrl.service process. This incident may have broader implications for other systems and processes within the community.""
        },
        {
            ""summary"": ""[IDC23] SAFE_CODING_DATA_ERROR"",
            ""explanation"": ""The [IDC23] system is experiencing a SAFE_CODING_DATA_ERROR, which could potentially impact the reliability and security of data processed within the system.""
        },
        {
            ""summary"": ""[BI-E2-ML] Organization"",
            ""explanation"": ""The [BI-E2-ML] organization is connected to several vehicles (e.g., IDC23_U12_DFE) and manages or uses the APIX MB0 technology, which has an incorrect configuration.""
        },
        {
            ""summary"": ""APIX MB0 Technology"",
            ""explanation"": ""The APIX MB0 technology is associated with the [BI-E2-ML] organization and has an incorrect configuration. This could potentially impact the performance or security of systems using this technology.""
        },
        {
            ""summary"": ""Vehicle TA10013"",
            ""explanation"": ""The IC_SAFETY_VIOLATION_RESET_BLANK event occurred in vehicle TA10013, which may indicate a safety issue or malfunction.""
        }
    ]
}",43d10186-7f92-496f-bdcb-e92e6fe6cc15
8,"# MGU_G STR LC Community

This report focuses on the MGU_G community, which includes entities such as STR LC, MGU_G, and IDC23_ML BAT. The community's interactions during test execution have led to various issues, including ACT_FAULT, WATCHDOG_RESET, UNEXPECTED BOD_VDDD_RESET, and POST_SERIAL_MARKER_TESTS failures.

## High Current during STR LC with MGU_G

The observation of high current during STR LC is associated with the MGU_G entity. This event may have significant implications for the overall system performance and requires further investigation [Data: Records (294, 295)]. The field mode is also related to this observation [Data: Records (295)]. 

## IDC23_ML BAT Failure

The IDC23_ML BAT failure has led to several issues, including ACT_FAULT, WATCHDOG_RESET, and UNEXPECTED BOD_VDDD_RESET. The exact cause of these failures is yet to be determined, but it appears that the IDC Premium Samples were affected [Data: Records (184, 185)]. 

## Post_Serial_Marker_Tests Failure

IDC23_D is related to the failure of post_serial_marker_tests during ioc execution. The IDC Premium Samples were also affected by this issue [Data: Records (120)]. 

## SOC Logs and IDC Premium Samples

The SOC logs record the IDC Premium Samples, which are crucial for understanding the system's behavior. However, these samples were affected by various issues within the community [Data: Records (267, 268)]. ",0,6.5,MGU_G STR LC Community,The Impact severity rating of 6.5 indicates a moderate level of importance due to the potential for operational disruptions and the need for timely resolution.,"This report focuses on the MGU_G community, which includes entities such as STR LC, MGU_G, and IDC23_ML BAT. The community's interactions during test execution have led to various issues, including ACT_FAULT, WATCHDOG_RESET, UNEXPECTED BOD_VDDD_RESET, and POST_SERIAL_MARKER_TESTS failures.","[{'explanation': 'The observation of high current during STR LC is associated with the MGU_G entity. This event may have significant implications for the overall system performance and requires further investigation [Data: Records (294, 295)]. The field mode is also related to this observation [Data: Records (295)]. ', 'summary': 'High Current during STR LC with MGU_G'}
 {'explanation': 'The IDC23_ML BAT failure has led to several issues, including ACT_FAULT, WATCHDOG_RESET, and UNEXPECTED BOD_VDDD_RESET. The exact cause of these failures is yet to be determined, but it appears that the IDC Premium Samples were affected [Data: Records (184, 185)]. ', 'summary': 'IDC23_ML BAT Failure'}
 {'explanation': 'IDC23_D is related to the failure of post_serial_marker_tests during ioc execution. The IDC Premium Samples were also affected by this issue [Data: Records (120)]. ', 'summary': 'Post_Serial_Marker_Tests Failure'}
 {'explanation': ""The SOC logs record the IDC Premium Samples, which are crucial for understanding the system's behavior. However, these samples were affected by various issues within the community [Data: Records (267, 268)]. "", 'summary': 'SOC Logs and IDC Premium Samples'}]","{
    ""title"": ""MGU_G STR LC Community"",
    ""summary"": ""This report focuses on the MGU_G community, which includes entities such as STR LC, MGU_G, and IDC23_ML BAT. The community's interactions during test execution have led to various issues, including ACT_FAULT, WATCHDOG_RESET, UNEXPECTED BOD_VDDD_RESET, and POST_SERIAL_MARKER_TESTS failures."",
    ""rating"": 6.5,
    ""rating_explanation"": ""The Impact severity rating of 6.5 indicates a moderate level of importance due to the potential for operational disruptions and the need for timely resolution."",
    ""findings"": [
        {
            ""summary"": ""High Current during STR LC with MGU_G"",
            ""explanation"": ""The observation of high current during STR LC is associated with the MGU_G entity. This event may have significant implications for the overall system performance and requires further investigation [Data: Records (294, 295)]. The field mode is also related to this observation [Data: Records (295)]. ""
        },
        {
            ""summary"": ""IDC23_ML BAT Failure"",
            ""explanation"": ""The IDC23_ML BAT failure has led to several issues, including ACT_FAULT, WATCHDOG_RESET, and UNEXPECTED BOD_VDDD_RESET. The exact cause of these failures is yet to be determined, but it appears that the IDC Premium Samples were affected [Data: Records (184, 185)]. ""
        },
        {
            ""summary"": ""Post_Serial_Marker_Tests Failure"",
            ""explanation"": ""IDC23_D is related to the failure of post_serial_marker_tests during ioc execution. The IDC Premium Samples were also affected by this issue [Data: Records (120)]. ""
        },
        {
            ""summary"": ""SOC Logs and IDC Premium Samples"",
            ""explanation"": ""The SOC logs record the IDC Premium Samples, which are crucial for understanding the system's behavior. However, these samples were affected by various issues within the community [Data: Records (267, 268)]. ""
        }
    ]
}",62e05a61-27c4-4d34-96e1-12e006b8dad2
9,"# KL30F Community

The KL30F community consists of various entities, including system functions and services, that interact to maintain system operations. This report highlights issues related to the disabling of KL30F, multiple wakeups, and service failures within this community.

## Event [2403] may be related to the disabling of KL30F

The event [2403] may be associated with the disabling of KL30F, as it has caused multiple wakeups. [Data: Events (2403)]

## KL30F is involved in the lifecycle

The lifecycle involves the disabling and potential reactivation of KL30F, causing multiple wakeups. [Data: Lifecycles (<lifecycle_id>)]

## Multiple wakeups observed in KL30F

Repeated instances of activity are observed in the KL30F object or system. [Data: Wakeups (<wakeup_ids>)]

## Service failure related to eth-ctrl.service

The Service failure is related to the eth-ctrl.service experiencing multiple failures. [Data: Services (eth-ctrl.service), Failures (<failure_ids>)]

## [Lifecycle] associated with [MGU22_F]

[Lifecycle] is associated with [MGU22_F], which is a specific event or operation within its lifecycle. [Data: Lifecycles (<lifecycle_id>), Events (MGU22_F)]",0,6.5,KL30F Community,The impact severity rating of 6.5 indicates a moderate level of importance for addressing the issues within the KL30F community due to its role in system operations.,"The KL30F community consists of various entities, including system functions and services, that interact to maintain system operations. This report highlights issues related to the disabling of KL30F, multiple wakeups, and service failures within this community.","[{'explanation': 'The event [2403] may be associated with the disabling of KL30F, as it has caused multiple wakeups. [Data: Events (2403)]', 'summary': 'Event [2403] may be related to the disabling of KL30F'}
 {'explanation': 'The lifecycle involves the disabling and potential reactivation of KL30F, causing multiple wakeups. [Data: Lifecycles (<lifecycle_id>)]', 'summary': 'KL30F is involved in the lifecycle'}
 {'explanation': 'Repeated instances of activity are observed in the KL30F object or system. [Data: Wakeups (<wakeup_ids>)]', 'summary': 'Multiple wakeups observed in KL30F'}
 {'explanation': 'The Service failure is related to the eth-ctrl.service experiencing multiple failures. [Data: Services (eth-ctrl.service), Failures (<failure_ids>)]', 'summary': 'Service failure related to eth-ctrl.service'}
 {'explanation': '[Lifecycle] is associated with [MGU22_F], which is a specific event or operation within its lifecycle. [Data: Lifecycles (<lifecycle_id>), Events (MGU22_F)]', 'summary': '[Lifecycle] associated with [MGU22_F]'}]","{
    ""title"": ""KL30F Community"",
    ""summary"": ""The KL30F community consists of various entities, including system functions and services, that interact to maintain system operations. This report highlights issues related to the disabling of KL30F, multiple wakeups, and service failures within this community."",
    ""rating"": 6.5,
    ""rating_explanation"": ""The impact severity rating of 6.5 indicates a moderate level of importance for addressing the issues within the KL30F community due to its role in system operations."",
    ""findings"": [
        {
            ""summary"": ""Event [2403] may be related to the disabling of KL30F"",
            ""explanation"": ""The event [2403] may be associated with the disabling of KL30F, as it has caused multiple wakeups. [Data: Events (2403)]""
        },
        {
            ""summary"": ""KL30F is involved in the lifecycle"",
            ""explanation"": ""The lifecycle involves the disabling and potential reactivation of KL30F, causing multiple wakeups. [Data: Lifecycles (<lifecycle_id>)]""
        },
        {
            ""summary"": ""Multiple wakeups observed in KL30F"",
            ""explanation"": ""Repeated instances of activity are observed in the KL30F object or system. [Data: Wakeups (<wakeup_ids>)]""
        },
        {
            ""summary"": ""Service failure related to eth-ctrl.service"",
            ""explanation"": ""The Service failure is related to the eth-ctrl.service experiencing multiple failures. [Data: Services (eth-ctrl.service), Failures (<failure_ids>)]""
        },
        {
            ""summary"": ""[Lifecycle] associated with [MGU22_F]"",
            ""explanation"": ""[Lifecycle] is associated with [MGU22_F], which is a specific event or operation within its lifecycle. [Data: Lifecycles (<lifecycle_id>), Events (MGU22_F)]""
        }
    ]
}",15b4f3b6-98e6-4117-b426-746ac40ac2e9
